A,B,C,ID,Y,leak
0.30471707975443135,1.3638622298139094,-0.059282646025932216,0,5.623499789666763,5.522898344838894
-1.0399841062404955,0.895184981971686,-0.7292869363736615,1,-0.30050316485322703,-0.2930607699995821
0.7504511958064572,-0.7194802332847904,-0.4144730658358585,2,4.379004538750363,4.271026678558162
0.9405647163912139,-1.502503456040897,0.6339103777337424,3,8.983969284643539,9.065322980972553
-1.9510351886538364,-2.964528837841651,0.002993291199955732,4,22.251489511332245,22.314980439831544
-1.302179506862318,-0.5434955079326346,0.34020997686833787,5,-1.2194774712260554,-1.1922583723460651
0.12784040316728537,2.4204150122474024,0.6700792422021898,6,15.723714953542663,15.744998236285015
-0.3162425923435822,0.4348842714636474,-0.3748414628976096,7,-0.10824578562866974,-0.1467433204775715
-0.016801157504288795,-0.5595722860494895,0.7562481636298061,8,2.9032752927401404,2.9243340424569135
-0.85304392757358,0.46508020950030626,0.37884260345839443,9,-0.9248425449379412,-1.0354686748224866
0.8793979748628286,-1.5609583529944429,-1.2348130869114786,10,9.136482058244363,9.264220162443088
0.7777919354289483,-0.29732336269763543,1.4423047911862443,11,2.3689157965175816,2.5105220501912857
0.06603069756121605,0.09947747301573849,-0.5007447437569161,12,1.0573539413495685,0.9001618238998289
1.1272412069680329,-0.08610065182104851,-1.6550953431851838,13,0.2792556877782342,0.5166659875537076
0.4675093422520456,0.7908061216900806,-1.0450437095863023,14,1.128815169020584,0.963769878034903
-0.8592924628832382,0.34464522623605237,-1.021045160678322,15,-1.1519526387784307,-1.1984320927998329
0.36875078408249884,0.668326018107997,0.05217331865753347,16,1.3626040057077602,1.3954692557901678
-0.9588826008289989,-0.6883722822307594,-0.2738505055462372,17,0.8158292573926693,0.9188912128614376
0.8784503013072725,0.8978154084105481,-0.33683196764059287,18,3.859943735467519,3.8246666064303367
-0.049925910986252896,1.6289369476239914,0.6197019654824789,19,5.925924180318074,5.979822428946439
-0.18486236354526056,-0.9701495196514126,0.3398753611927038,20,1.1858316275050815,1.1253964718678324
-0.6809295444039414,-0.8876956557145598,0.31604787064428624,21,-1.7475243769149515,-1.8918806265188621
1.2225413386740303,1.3357843363202329,0.40982845732869266,22,7.563916519540602,7.540086247782479
-0.15452948206880215,-0.19134398669506028,0.6161346680022383,23,-0.38760552766890943,-0.36119519071460215
-0.4283278221631072,1.403821392066557,-2.107953341777443,24,4.631025148362946,4.638063585423882
-0.3521335504882296,-0.4425357118921839,-0.3644382522644612,25,0.9621255069530454,0.965824660041479
0.5323091855533487,1.4550455762707113,-2.180210064489474,26,8.614611094698292,8.650361295659184
0.36544406436407834,0.13148581680545218,0.03605992679779541,27,0.6123652654350362,0.6251463925931946
0.4127326115959884,0.2582288233226952,-0.00463297222434532,28,-1.109182068701008,-1.2041159734370486
0.43082100300788273,1.5647180216699044,1.0455322747896802,29,8.823951048523762,8.899082441498665
2.1416476008704612,-0.36177047744417123,1.1876343927211208,30,5.231289065300048,5.204889952517691
-0.4064150163846156,-0.9411220959249583,0.20277504825236733,31,2.153693935702273,2.155708594405743
-0.5122427290715373,-0.44856420802835434,-0.5003610773968998,32,0.5606238373373553,0.5658684092864477
-0.8137727282478777,0.4523339506431387,0.48516111254573785,33,-2.1785555442435074,-2.3023710309135557
0.6159794225754956,-1.5657590721805144,-0.5279176373243135,34,10.595518647682884,10.736017966973826
1.1289722927208916,0.6374709026511215,-0.001392651443348899,35,2.517624287480422,2.4176041581830354
-0.11394745765487507,-0.5387713176177432,0.9861363169607678,36,1.3921516099537818,1.4689368901250592
-0.840156476962528,1.1478126607335635,-0.5577713459894236,37,0.5847610640823797,0.5654701529985227
-0.8244812156912396,-2.3942603049004716,0.8056786392425009,38,14.618220104213766,14.580378912591978
0.6505927878247011,-0.7865657751041687,0.6774013686923024,39,4.673611378070404,4.7246351602632455
0.7432541712034423,-1.686468151234102,-0.9547918171308215,40,9.758132994786944,9.763123417506621
0.543154268305195,-0.8262294663639526,0.973894128217401,41,3.9741965350073736,3.7829900075030762
-0.6655097072886943,0.24766590110894313,0.6985663453715051,42,-0.9100488301418281,-0.8871749291762836
0.23216132306671977,-0.1792266254497549,0.10192588737265744,43,0.4557310399435871,0.3911543853006508
0.11668580914072822,-0.25337756894801494,-0.7623234580276522,44,1.7898225205521643,1.6822821570783246
0.21868859672901295,-0.1591848713800608,-0.85920601857557,45,0.276737838634985,0.35094085614540993
0.8714287779481898,0.20338824061994343,-0.5376625769030224,46,0.08621977760033728,0.09586287513289155
0.22359554877468227,-1.0085360419431078,0.54259446329196,47,2.695385849292469,2.636901736735573
0.6789135630718949,0.7068496408990508,-0.9556251674013979,48,3.407928099362835,3.141789883405507
0.06757906948889146,0.6626659703854839,0.4375122486198699,49,1.8480458102610964,1.8846433696226497
0.28911939868998415,0.385037937656101,-1.2417555288783926,50,-0.5440568125520795,-0.5896066221711471
0.6312882258385404,0.5565334427512632,-0.20406858443884895,51,1.4674223509706001,1.3322938264069764
-1.4571558198556664,0.2964180008086595,0.10964775457400863,52,-3.232442095303372,-3.2964868254982904
-0.31967121635730134,2.0350733027310675,2.4451301450589167,53,11.419758015637376,11.397290563375794
-0.4703726542927955,-0.0870941710525099,-1.3773156555203674,54,-2.293902713293171,-2.226569982887784
-0.6388778482433419,-0.30708321833457675,1.4720145664901334,55,-1.6232264956579985,-1.5630867854872168
-0.27514225122668373,-0.7535275803573779,0.14984241398728004,56,0.42451645536483884,0.43903815686389736
1.4949413112343959,-1.0322626705778368,0.41117191801596314,57,6.958114545436175,6.962616874723161
-0.8658311156932432,-1.2444717876010754,0.11834791338820451,58,3.7235891700088057,3.8248618275676565
0.9682783545914808,-0.8887973132309185,0.444726818195233,59,4.160628243113644,4.145773059826971
-1.6828697716158048,-0.07068038165207131,-0.15368510436201774,60,-3.742792190050894,-3.7875981516228605
-0.33488502998577485,0.3342951284977145,1.4540501814574582,61,-0.194586049120526,-0.075353072477014
0.1627530651050056,0.051142058552161786,-0.4564711442247224,62,-0.4832224467867055,-0.3203696113034248
0.5862223313592781,-0.765535277429713,1.1322345721792477,63,1.7837453635192781,1.7455471458967116
0.711226579792855,0.9001845640199633,-0.6443671202130229,64,2.9132286985594273,2.818130951597677
0.7933472351999252,0.7394126723009475,-0.06025184640128695,65,2.592074606306079,2.619440417563667
-0.3487250722484376,-0.159648307422017,-1.0719625522902192,66,-1.7844611981010017,-1.7842518626989368
-0.46235179266456716,-0.652916144664712,0.4550237203475199,67,0.5162544496252338,0.5546436509999462
0.8579758812571538,0.5484279208297995,1.4451259569265338,68,3.347986989335107,3.3635166078218877
-0.1913043248816149,0.18797358748610446,-0.07735617982085408,69,-1.8637047417842831,-1.7854520102755158
-1.2756863233379219,-1.4481272594150476,-0.19688569870390954,70,3.7649737429229986,3.7319773039997055
-1.1332872140034806,-0.0679802559844049,-1.1146169630679268,71,-2.472646277662181,-2.375487660946244
-0.9194522860016113,0.26203581207438104,-0.2292926535523081,72,-1.2914075860379786,-1.1787793724219
0.49716074405376404,-0.8996947864877538,-1.5927942597215277,73,3.4097348465036745,3.3141466025582473
0.14242573607056525,0.189843392837443,-0.9128779867188273,74,-1.0606262663784052,-1.0328158205256923
0.6904853540677682,-1.4548224852577891,0.22678604610913541,75,6.468106800113321,6.309992970990245
-0.42725264633653426,1.3361861000121709,1.3190131977413961,76,4.5310981645091095,4.556953625380058
0.15853969107671423,1.2479499850594318,2.809210861229503,77,6.017997797528446,5.969791623100287
0.6255903939673367,-0.25251733430296475,-0.5865850850709007,78,-0.7717115707379036,-0.6629206867999635
-0.3093465397202384,0.36345433783907316,1.43530015664544,79,0.12333066744322052,0.22117056189663686
0.45677523755741145,-2.409921965799875,0.2437524804016479,80,19.526344124136667,19.648610805892453
-0.6619259410666513,-1.1563476602653329,-0.15124764674637586,81,2.5345419758638137,2.4036538645867807
-0.3630538465650718,-0.2937789201521298,0.4325944517261522,82,0.08301296467355157,0.030508359197901742
-0.3817378939983291,-1.0721330214268592,0.06191648367995918,83,1.981862778007198,1.9217142579400126
-1.1958396455890397,0.7143964826306588,0.11039572561221853,84,-0.9799584872697846,-0.9665605871613835
0.4869724807855818,1.997296530747994,-0.4083331628266692,85,11.320611738476929,11.51823015444941
-0.46940234020272387,-1.176614719429302,-1.3981096597988507,86,0.8701186051087628,0.9726705475377966
0.01249411872768743,-0.8374634040851927,-1.5436252025220816,87,3.0717888982265262,3.2619484417311893
0.48074665890590895,0.23544836830993032,0.653244883281227,88,0.14280619250680182,0.08085900478666119
0.4465311760299441,1.6111161484996208,-0.2767000900857134,89,8.224620238925214,8.297599150467896
0.6653851089727862,-1.2223743125399031,-0.5960888996561666,90,4.426924844547582,4.4702513619387165
-0.09848548450942361,0.24903612230694197,0.008505626723153567,91,-1.4208837014616886,-1.4975069912445764
-0.42329831204415375,1.8212988508131087,0.7949322529156275,92,8.930954187736527,8.853322401170223
-0.07971821090639905,-1.6517591481792673,0.1803639430263982,93,7.295911234833253,7.392981759433589
-1.6873344339580298,-1.281069206845832,-0.6560549366409674,94,1.9267170682644665,1.9049523822173233
-1.4471124724230873,-0.42360660646083825,1.2262929556489497,95,-1.9033588547547802,-1.748691924192486
-1.3226996123544024,-0.520588412855411,1.579185502981632,96,-1.51151269158625,-1.4528367856742435
-0.9972468276014818,0.8126012877536446,0.4945566553228533,97,0.22506969430212478,0.22270789299554672
0.3997742267234366,0.24165971982083806,0.9736635113440901,98,2.5525149189304175,2.425840205651457
-0.9054790553600608,-1.7749620596421283,1.241959996813811,99,6.5729190597420715,6.656391445962617
-0.3781625540393897,0.5154104029008109,1.1300993164045137,100,-0.014316324026568558,-0.05167436392049926
1.2992282977860654,-0.5775388873556505,0.6140991771126236,101,4.731799915315728,4.7229158466292205
-0.35626397106142593,1.274447216941239,0.5983470470748828,102,5.424658993522994,5.443494604034772
0.7375155684670865,-0.6275875364369197,0.5196605733465026,103,1.2348658352624862,1.2910779948457094
-0.933617680009877,-0.6366152831022357,-1.0973376745470436,104,-0.9637537456376047,-1.0816860073861252
-0.20543755786763002,0.5411316108045314,0.7007231568595857,105,1.8257162407677212,1.8920306219819107
-0.9500220549105812,0.7629264823369366,-1.355813971126554,106,0.354205447730939,0.22650887117161603
-0.3390330759005625,0.4480993639362036,-0.7945994551250549,107,0.11957599955873854,-0.030266356450598386
0.8403081374573955,-1.6855973173848082,1.3035650678080875,108,9.986646530604718,9.926460956296374
-1.7273204231923487,0.5380344399282511,0.8402201626941975,109,-2.9699985964457225,-2.9565981790916314
0.43442364354585733,-1.034308051674399,1.4873982896858626,110,4.366445787457512,4.278355480306344
0.2377356023322779,0.2352761115882635,-0.27167438368729224,111,0.3891616257323515,0.4516919713979406
-0.5941499556967944,-1.4237344353990602,-1.1522488412767675,112,4.85018069518521,4.922366606600259
-1.4460578543884546,0.44632214754306365,-0.24043719707034283,113,-2.2159066244995147,-2.3291111646447096
0.07212950771386951,-0.8065989043073726,0.1020312972405742,114,1.4179928642238018,1.3640760091546442
-0.5294927090638024,-1.2826346502605217,0.07898871634000969,115,4.408598893900626,4.220723583094903
0.23267621135470395,0.7138201364823995,1.1336804787567016,116,4.9082146328680825,4.901991864101017
0.02185214552344288,0.2416445216767513,-0.36127042500344553,117,-1.5581061237100315,-1.5027439580592452
1.6017788913209154,-0.6139768013928971,0.35203447180292424,118,4.65847284477777,4.703050216720267
-0.23935562747302427,1.4511788490210642,-0.9886271494346061,119,5.0788588119733475,5.214240741463411
-1.023497492621865,-0.44065242156974244,0.450317278043813,120,-0.8870687378186459,-0.9060196319206575
0.17927563495631615,0.03210767397093466,0.003108550185636745,121,0.40820145142396475,0.39560075398136424
0.21999668397176517,0.2689134476786009,-0.7498133382845175,122,1.4187914690131687,1.4744913669490312
1.3591875752404365,-0.6196659341286136,-0.2358293621748528,123,5.045839336748115,4.981454875634254
0.8351112459145785,0.47113629339992935,-0.18417574651522164,124,2.5285518304732113,2.5954448014251303
0.35687105914950934,-0.5334523471647244,-0.2701551293370962,125,2.699508626799858,2.784078413368209
1.4633028912195618,-0.4116383222162092,1.7713412422676835,126,1.090646213601373,0.912195064940321
-1.188763054322851,1.362642639803341,-0.09844600230787963,127,4.783311080700975,4.969110182698678
-0.6397515327497477,-1.040586052512433,-0.24389611017733773,128,2.344017084443069,2.296741636891359
-0.9265759414055249,-2.41278033092949,-2.0974509576101417,129,16.689218248894793,16.50416288239476
-0.38980980315576796,1.6109369950118944,-0.8942073519794773,130,5.7858586545407995,5.745381541109297
-1.3766861475563088,2.549327952607003,-0.26307342445635284,131,15.913076853112285,15.748798036966141
0.6351509468144043,-0.40526926544933184,-0.6858526761766428,132,1.9089697203271057,2.000986518964098
-0.22222269709877338,-1.9368380406201853,1.381707593377797,133,10.792541503245307,10.686840380969263
-1.4708062945026579,-0.31048397619594376,-0.16493777539621862,134,-2.369343102571996,-2.3901736000432674
-1.0155790812075416,-0.2862229498406692,1.2884442493182524,135,-0.7008722704386343,-0.7053711309489638
0.3135138474501953,-0.18992384102225704,0.061704634050368024,136,-1.029979424236516,-1.120467539263672
0.8381265678943811,-1.1133880419218483,0.037227836421576635,137,6.368971003189774,6.255378827905115
1.9967308916917865,0.5795611424764774,-0.08879644771250095,138,5.009417046947419,4.918573503563861
2.9138624660073296,0.5245073752860862,0.0037962516214591325,139,6.449267031078609,6.518869646802443
0.4144094332759964,-1.4944056198193065,1.7187950030498593,140,6.05744810180968,5.84557412295911
-0.9895381200318641,0.6991967316948878,-2.3196107267512183,141,-0.009399362848424464,-0.0004352629452217191
-2.132046280731309,2.052684981945891,-2.001545744438679,142,5.9623464928249525,5.829713238180914
0.2677114623438358,0.17196033243705985,-0.5431708310561139,143,1.2725280037219768,1.3019851956063644
-0.812941095310326,-0.33732516206850605,0.014527881937568883,144,-2.7766232312000123,-2.82663981105361
-0.41535726017968533,-0.1420032144075213,0.6901044247640123,145,-0.7167618690356913,-0.592364167122456
-0.6120967990598081,0.6152567669685612,0.4730871980274752,146,-0.20773976754571727,-0.3341369114887238
-0.14079088641638526,-1.7306716055072182,-0.3842459128805702,147,9.873628992787909,9.892929736897509
1.0659802307876436,0.16439070297730224,1.0190436932417624,148,2.034378202237512,2.1534541369740614
0.15704856744534462,-0.3904639494628101,1.030195403152731,149,0.07734486123531137,0.06843232930636309
-0.1586348370386883,1.8478250129560454,0.18405783127156553,150,9.419499465469448,9.412664950156007
-1.0356537528258116,-0.17417273380495787,0.9626575724868413,151,-0.7074163132936815,-0.5935811372531584
-1.674682944704357,1.6678876111195198,0.2726452634321288,152,5.5324783297501146,5.552996256466511
-0.4863079090733309,-1.1037406977820072,-0.5614830267828836,153,2.2964847841511142,2.3624633084071025
-0.05378255081832049,0.5872591668027922,0.6978168390000047,154,0.6906084653805747,0.6459273971964367
1.767929913579883,0.3194002637912288,0.11061312257867771,155,2.2747323221040388,2.1544297774137298
0.13027452147288585,-0.8690472478647824,0.001339846754486929,156,2.9147526008613704,2.8531514285572417
0.9827395110230576,0.17739611463694044,1.4729535721895743,157,0.3000714588154969,0.20731704171579718
-0.49929559853915206,1.2125188368316004,-2.4508721285400865,158,4.1638110577715235,4.312560509615634
-1.1849437664170246,-0.3237917042866007,-1.4176841701595697,159,-1.926742737048319,-2.0952724959435325
-0.9651167622323719,-1.6919626491697632,-1.18707042637437,160,9.044931093665868,8.872333802017971
-0.7252260645357532,-0.01756282647744591,-0.3632606475688056,161,-2.5496623241741814,-2.6282706799250524
2.1284697324351645,-0.9024230947925126,-0.2546081697660301,162,6.597379699874384,6.7424589081923445
-0.8213866792243861,-0.3423409386638824,-1.5073256477730475,163,0.5071062973300946,0.4971357921224647
0.838489203736345,-0.08158776968512098,-0.9851580323108263,164,2.888337740250681,3.0730093222868717
-0.9029271780870264,-1.7056522160155172,-0.8608416785235702,165,6.225682038241981,6.349867072030985
0.9315730128742441,-1.615658339320678,2.457424092075892,166,9.91816906237129,10.12406504942436
0.38495096610586316,0.48206683552552526,1.8017419477471466,167,1.469066590367595,1.4517174171327274
-0.1566378976580904,-0.5227186961696804,-0.4117494176846493,168,0.788384578053968,0.9456064215762686
-0.040762526135434025,-2.564744341820567,-0.3635832903067989,169,18.95353512844614,18.981340349107633
-0.6547876954293904,0.7848440366081351,-1.1492039971882941,170,0.4490446918385397,0.5453471131540527
0.44607220148208054,0.27236975527423984,-1.9081304132252668,171,-0.4833521215481047,-0.4058023517046695
-0.45498348034078,-0.713874824036484,-0.11688018640852403,172,0.7540082843658849,0.9051451415353257
-1.2256057637672482,-1.3168302110582415,-0.9978519832440257,173,3.2009345601544146,3.3355864735097924
-1.2779375743196193,0.8358078963143372,-0.08485053166200977,174,-0.6875700426589295,-0.5665371748417551
0.17258791772211948,0.3493506225604296,-1.6002058490434774,175,-0.9037374826904696,-0.8088395055964799
1.579091256410435,2.3826022826840734,-0.7619744583102578,176,21.177095288026404,21.180075091811265
0.15999161357343825,0.42018859872493736,0.14862709530283086,177,1.214183640634958,1.15044389280731
-0.11863832610988256,0.3877031412620148,0.3662095977839374,178,-0.5123505726874404,-0.3996289694890778
0.2858261396025429,-0.16692793010856513,0.41747195874201454,179,0.3746466339180118,0.28272447184384764
1.3060017417068248,0.816775867200791,-1.3204889841570373,180,3.112702532356623,3.154039949928073
0.21938250136385634,0.6250852012481537,0.8546857301355617,181,0.5855494014081428,0.5791296476349206
-0.41092723083373717,1.251725008565195,-0.8002116966018503,182,3.3407806831779987,3.380888415580611
1.1062887100598888,-0.5213229186372847,0.6328579146073064,183,4.25633098888942,4.15556556865937
0.4287564384616135,-0.4354074729439623,-0.010638676618193147,184,0.7867484885220932,0.8505583410029252
1.535755991995992,-0.4791031709119801,-1.3763874990779479,185,4.400345188454485,4.288413709027143
0.18323443722190613,0.7908017211789892,-0.31619770458118795,186,1.7042547582411876,1.752953022259071
-1.2244690317205003,1.498374440296732,0.3653637420637676,187,4.53438738741451,4.625596176383846
-1.368159199245665,-0.45884049314930064,0.612965380474599,188,-2.246110106174652,-2.307775986274742
1.6509279322312496,-0.42477372779309125,-0.14098789744441861,189,4.71621062402496,4.710107480282062
1.723665720783297,0.3140772238697992,1.5317788906010528,190,3.208453611009316,3.223314481617458
-0.17951921328260065,-0.24576150001290142,1.007510770986559,191,-1.750370531901868,-1.735439088198888
-0.38318732113598775,0.95205365313989,-0.25665411639975283,192,0.5708948017354221,0.6801895112066546
1.4614442922422022,-2.2517772906190467,0.7501218121369445,193,17.60251399018461,17.635907970243572
-1.107045682043488,-0.8267050469168946,1.9337934851881868,194,-1.412827630971434,-1.5333774333735328
-0.8947270189558264,-0.7824163339614458,1.960484600783027,195,0.45728393671690487,0.3705059455643107
0.6433267946890444,-2.320356012386145,-1.2279998808224974,196,16.97304149716961,16.98840874763619
-0.3946051228595896,-0.9636384443688041,-0.9265331111571506,197,4.371193458703838,4.310817845908991
-0.005121866720071296,-0.9151561158459262,1.484918786733851,198,0.7645738205333323,0.9177041319830546
-0.16344289852451258,-0.20110465451883033,-1.0582810508376372,199,-0.0019233721318096253,-0.16117872776003994
0.33757454879893356,1.1129658916602636,-1.322541133291679,200,3.263275302089575,3.0924302034792435
1.4074818613137168,-0.24506065119070236,-0.4861941306990469,201,2.501726550530788,2.5434686737403482
0.09058490690174555,-1.0308137202711538,0.42022670947458574,202,3.5103200648418045,3.4637576824254386
0.6439387932768579,-0.056954541213528984,-0.10239670661109637,203,-1.0277623290260403,-1.199522233395074
-2.0501721010310225,1.0491736214413494,-0.6505636204055921,204,-0.5612222214889493,-0.560461269115663
-0.04871840193011795,-0.9759588161149049,-0.674212461724509,205,4.662957490671152,4.667980756995877
-0.8432302702928711,-0.9105748839214486,-0.7123370644127087,206,0.3475410187313436,0.22058250798083634
-1.218813060423628,0.5585489592742234,-0.8795096286589426,207,-1.2418874443227923,-1.1534187217081482
-0.8781523669287508,-0.22153611573080054,2.2816328772760617,208,-0.5841482890128302,-0.5920693928208385
-0.33412344070081207,0.6474846907094743,0.2975110711855549,209,0.4255088926808102,0.4321718891557115
0.9159025423560131,-0.013646791795296761,0.8867590544047386,210,1.2514036009594556,1.3765809763216998
-1.326392717739564,0.701663648089567,-0.4890774681189237,211,-3.451526214049801,-3.295320503379976
0.030631492594417446,-1.0350781140406409,-0.18595667718604886,212,3.9164138110815983,3.9163309678899147
-0.4841694333335785,-0.01208465078826744,-0.713553981370355,213,-1.081069160042031,-1.251529366751628
-0.32767309436196085,-0.21069001436315682,-2.651708334919202,214,-1.5348591936550418,-1.519000702654133
1.0027578253046041,-1.2158909241041307,-1.3780092768478662,215,6.567284578843292,6.609014196205626
0.5381154370039261,-1.5634779478686884,-1.8106186799803947,216,7.825940397616725,7.851780228468965
1.3373981074427437,0.6857490352746618,-2.2497837779516074,217,3.5571253019103497,3.61447818443449
-0.15450567924990047,-0.3509523822179781,-1.1953589742981028,218,0.6667825213623286,0.5603655135403702
-0.695942611670703,-1.0222802816473295,1.3249556793816308,219,0.40490328806957976,0.32156635694660146
-0.22385881688049952,-0.09617893692333225,-0.04443616770435442,220,0.6273488160358665,0.5152612714698545
0.2424967912712216,1.1280188573493026,1.290563762321174,221,2.904587047030918,2.973403849450885
0.17657335845371103,-2.280737845371923,0.4109825769008753,222,15.29574066648744,15.244096556974732
-1.0843880722333665,-1.4966386899033264,0.7825588257151592,223,6.473952153946479,6.523228977795446
0.09048978162787422,-0.9228864418952676,-0.9008969953045751,224,3.8634924788004925,3.8491900773739762
0.22822833013890514,1.461178866720329,0.5239509541926708,225,6.9591916944235646,6.8662782939201605
2.5174740375339204,0.2825869829192965,0.7287142340743459,226,4.333984068312916,4.4136254169017315
1.8768446112816701,0.7673172404612268,-0.5766472922336929,227,4.9907441583905445,5.343218704423555
-0.8532433505588201,-1.1401609191262305,0.5595403706161663,228,2.2666893779763684,2.1453023388327543
-0.2873833615491761,-1.1195358752705262,0.5661877585748329,229,3.222838237294476,3.2147591253767507
-1.4634420018370031,0.4478137167227104,-0.5495526211300829,230,-2.4161435586449453,-2.3492528479741828
-0.5907070139634865,0.05827433093544655,-1.122768432270995,231,-1.2020588490732353,-1.1435920919302072
0.3156050035903405,0.5487388188641266,-1.1841283318982723,232,1.320177771460757,1.2180423403773764
1.2058536208882336,-0.18767099092845213,0.08650554192146179,233,1.0753897086446556,0.9815700407225466
-0.7290838377436085,0.278143726454627,0.3270098687893148,234,-1.7425866199498508,-1.763166763117565
-0.6541464400677965,0.15811908490510918,-0.7925258304579145,235,-0.3186638911150591,-0.358770572061211
-2.147289029738655,0.7777673890849254,0.02658534132609864,236,-3.8481460224564823,-3.9170612047456306
-0.16266592054490767,0.8070082819444706,0.5705370361384854,237,1.4388997487518047,1.223701920641612
-1.062414411859563,-1.6198719943917699,0.6181907146653008,238,4.927373082154341,4.8013598492307015
-0.5294394273660737,-2.2472685553408556,1.5518801201224885,239,14.20311945413729,14.163674754917798
-0.8768607781675882,1.0017453976515072,1.2769808321980434,240,0.868126787745934,0.9932500454513593
-0.09426255425255699,1.1877250932619365,-1.001291432756544,241,5.520941247961783,5.522110575738765
-1.7577283913566313,-1.0206230195133374,1.6835862095380225,242,0.11614041535855824,-0.09048852822567921
-1.4670452453909906,-1.8598354065456286,-0.5309765045557148,243,6.131069561763038,6.160076088109058
2.129247112028298,0.09903482100720092,1.0448728124544275,244,4.95914592298608,4.838777574756864
-1.287422581274031,0.9308382263505294,0.06798662605108885,245,-0.7501176079039271,-0.6865554138102541
-1.0967855784546396,1.7975945224343146,-0.4121493784569676,246,6.923470672970743,7.035014291466597
1.836913528321314,0.516297572101451,-1.8076968597749328,247,4.787335625623308,4.7421494344139585
2.905067169240407,-0.37171669658569495,-0.1715645102163482,248,5.7329068263124245,5.672746178845578
-1.1715666288253417,-0.8931306215848627,-1.559383235305609,249,0.9427694803099617,0.9167365450959561
-0.36824895678803055,0.011451291670654416,0.9672992358427723,250,-1.5106145788466772,-1.515761750989729
0.34155555094050954,-0.2992647038852564,1.516792657139248,251,0.3328426382642464,0.3653127741142287
1.7286976444055924,-1.0150679057288161,-0.7969109892966902,252,5.89211295498513,5.853072641334182
-0.9868570784282374,2.0487556508632867,0.30197074251927114,253,10.052846245621234,9.977810514399545
-0.24527784594210975,1.785168402072131,-0.7253915220079754,254,10.16911453493389,10.171979603320086
0.777337576061744,1.1360486835554284,-0.6284847301367896,255,6.055291279957856,5.9701831361477815
0.43476607446661863,-0.9208503978091276,0.7744947038653713,256,5.123372468380994,5.251221104690344
-0.37615607123009925,0.8550193242972788,-0.03853826184341251,257,3.7085061962043815,3.6780052453605916
-0.13382296451604114,0.6396264094979018,1.7396480419310116,258,-0.0709971297828893,-0.102325005427852
-1.3748958083699818,0.44254562420405297,-0.482232478702921,259,-2.09183260090621,-2.2561571296135874
-0.23817374397466523,1.2496652670437771,0.9993363324744892,260,3.0324420343740206,3.144964521675112
-0.2663874900089551,0.6353711428612774,0.09741341295778198,261,-0.09929144022363989,-0.15499867031747075
0.23216988962625595,0.7400142363043355,0.7957780097442332,262,1.4771204787961087,1.508582303061592
-0.555327218819016,0.6369062833722101,-0.4471576573299467,263,-0.9508604703793004,-0.7198821698552142
0.471538522545139,0.3407914080021059,-0.04955883755158271,264,0.23960612349603783,0.3106694653448022
1.0127158178198286,-1.7836111297141835,-0.11549887929893475,265,11.42495324324032,11.218759044985589
0.15542932766846604,0.08362107741055723,-0.8360571148457872,266,-0.8848823092875677,-0.8847264442288074
0.35175640839920347,-0.5561919588491252,0.6620815345817527,267,2.4736882612013207,2.6276130708444203
0.053155347577867364,-1.2798409576400205,0.6502490055783642,268,4.1025357882969935,4.131250262921606
8.439309141418043e-05,1.681816619300824,0.5935546949055667,269,11.295259179148577,11.455788585593956
-0.7215580335428474,1.7289953408857035,1.5369656539176446,270,7.07377414836332,7.012350829940269
0.316494261673308,1.359220600295612,1.4493448012363035,271,6.24744808606756,6.191656345203595
-0.09728659841348947,0.2552134168558746,-0.37494468984913537,272,-1.2945127168632629,-1.3281708511415793
2.093168308930595,1.3506251209526567,0.37305231843417824,273,11.364993028033965,11.380153941075688
1.5733549024752425,0.012053180601825543,-0.6236006892582127,274,4.266646323241262,4.2367292098124745
0.3858465525565008,0.20279727689777938,0.023355316114555456,275,1.191989182400578,1.0120561936521217
-0.7630572096947675,-1.093471370461983,-0.5997494491188647,276,0.7141219458909212,0.7584680414742689
-1.112411471983418,0.39699130449884,1.620070309136051,277,-1.5413497786991432,-1.59606727458675
1.191142953088865,0.0603859284244171,0.3636981503429628,278,1.2717942412155117,1.0932308096115406
0.2627492251471385,-1.3026521168344645,-0.21802912810442213,279,7.078561326247572,7.1039847025234915
0.4801434033916108,-0.051197111816596905,1.193618571856377,280,1.7773449714114777,1.8221351614257268
-1.7445859869741926,-0.07972956385680847,-2.1706154097954116,281,-3.374662525402259,-3.423214445939132
0.9274384815581808,1.79756116664464,-2.0141025948652898,282,9.112179743355558,9.062123333653188
0.45442033821436295,0.8942133285134095,0.7958386552197739,283,2.324277128442788,2.2838749858674525
-1.110430684414478,0.011445439091466015,0.06046844811736806,284,-1.5327072430010942,-1.6058782541768175
-0.47152480744994896,0.248787309801083,0.25044630026076065,285,0.45551945337743804,0.34552610286634144
0.2637172043565196,0.044212378104198057,-1.3263961033185487,286,1.6424684233380564,1.7550644916092317
0.05246679835624363,-0.20291398479554773,-0.023233710850366202,287,-1.3635571498521448,-1.3575591447027295
-0.292171185803555,-1.0824271973882869,2.003509410401342,288,3.232155848143378,3.3763184261107746
-0.10348826806596086,-0.15105187760692926,0.8241996197958629,289,0.876988689536744,1.004070697549958
-0.25197737820688537,-0.7460982566525134,0.1697065451428121,290,-0.49230249625625655,-0.5026122893843626
0.15256251210246857,-1.2503155389231464,-0.43905391010493766,291,4.987087349449735,4.6329651581995694
1.471491972993157,0.5112218145475347,-0.39457285186939384,292,4.000869575302592,3.995558758802714
-2.5666584409312976,0.39126465993323495,-2.1291978892000176,293,-4.97481736437132,-4.959824218726136
-0.23685026450968424,-1.786707511368078,0.2576404209211606,294,7.2511088091167615,7.23809376587401
0.17651242137244696,-0.12268463749512722,0.8454831084818539,295,0.07248129350309757,0.11154332936322245
0.2959939896870995,0.9957013858999235,-1.5756193271706151,296,3.2389462987682602,3.333651181773812
-0.37191458132128985,1.0592237388963208,-0.661416892306816,297,2.4739632199341695,2.5429571770699857
-1.7567217824785826,1.0258368428852387,-1.157464632233422,298,-0.919891305719973,-0.8325120452306786
0.32799548371410964,0.0389132069014598,-0.9653511948087635,299,0.21752152720081946,0.17005420719945355
1.727350214164185,-0.8450453279691511,0.05348162682190022,300,5.557298964948862,5.545946448793255
-1.5338614049161376,-1.0836988273580606,-2.0844021549884744,301,0.897941240389142,0.7706764320837338
0.8638280136981883,0.3446049047503575,0.614270438357064,302,1.779486885673718,1.6511739283867972
-0.3285252231228939,0.379280034365163,0.7538550699336822,303,-0.635139341209672,-0.5734294172604785
-0.0613243458288473,1.2873311116050654,-0.2511025880369125,304,4.941369519315764,5.0204652201054
-1.052898510703949,1.0999796503420836,-2.4807085099845416,305,-0.39684725380300256,-0.582190639507399
-0.33445617235587666,-0.1322286565311721,-0.9964186260023896,306,-0.13942396466117918,0.07853966833664938
1.3000445946989585,-1.2442058788608694,1.2329019341026966,307,7.2436708992508025,7.27840688368107
0.582655241987707,-0.31910659701089783,-2.7779942807285725,308,1.5104910713406023,1.442841656339763
1.732311605409944,0.21723119481052466,-0.34752341219351923,309,4.566925694410776,4.563935549881819
1.1774118889776937,-0.2020832453894041,-1.180000778467259,310,0.5245211621084813,0.5901373082466713
0.4390866789295762,-0.5778941080776558,0.8045703015848366,311,-0.0937757115472031,-0.0880249771293534
1.743934526167792,0.2528848149698989,-0.6751139521434614,312,3.953525086586184,3.794898775114988
0.43899315873829875,-0.5039577414106104,0.40395402073561154,313,1.632789677731133,1.7362755414470812
0.8279881767970589,-0.628066083725374,0.5654604191690931,314,3.0095543133644354,3.0128536579009064
-0.29657095353470836,0.31145283430343956,1.83622583973002,315,-0.7642603782549249,-0.9552775039080006
0.06654581585920483,-0.4019925801292048,-0.20294194367537022,316,1.2822394093951464,1.232146244148458
-0.6974238233002769,0.24410438897835213,0.37604436962261134,317,-0.2834479454539499,-0.5200052723891542
0.989583934594853,0.2732040228521227,-1.485055479127436,318,2.687071477448983,2.6702117413936266
-1.1783036231148656,-1.1394290010915746,1.190413563293744,319,1.2774596409513164,1.2497693566702697
0.7823503424176613,-0.4812411238654122,-0.7605088480713647,320,0.15179035511865457,0.17186272421278015
-0.19065105750515945,1.4377769399164624,-0.5607541640877456,321,6.589541679893449,6.412024467408703
1.1712470934673194,-1.1620795127342871,-0.022247794849210738,322,7.615509234902506,7.631896187192376
0.7508689887312598,-2.116654448970531,-1.5628843453398495,323,15.586974558486727,15.494696853447739
1.8206461576468016,-1.8618451532425115,0.228770028928938,324,13.16105201188399,13.185461974257077
0.7307746911386448,0.029109946576669203,0.9674662729250108,325,2.1378859429141372,2.1301462235132105
-1.5720402556532407,0.03091727803269891,0.2929338234972916,326,-2.2806831691021823,-2.438980125171883
-0.06695317289820084,-0.11761085542512094,-1.588897564178725,327,1.46640684194417,1.3108732917788688
-1.172007192594816,1.2141898289285016,-0.12380929432965958,328,1.2026465126026817,1.3541311413777153
-0.5182798423662747,-2.672834433102938,0.7420289029794906,329,20.169117451065425,20.260335507981644
1.5112284332767216,0.3959338744308236,-1.8779887659659078,330,4.240019816462308,4.2527728830487
0.637533810897696,1.5614382018035733,-1.074766013817714,331,8.646745467388278,8.75696677478736
-0.6989304285787463,-1.127780764891714,0.87654360408152,332,1.3004799017704507,1.380738791510178
-1.013717366440399,-0.3798065117898951,0.27009543419728654,333,-1.1800594886600717,-1.1972211770666294
0.03278209287626079,-0.7528919172286209,0.41197158212675383,334,2.344764536652254,2.238006252717937
-1.2165601493811278,-0.8943460460775288,1.8594948076233115,335,0.05440714797227389,0.018820920417375618
-0.6711402773965811,-0.32626200502304,0.4685527785062026,336,-0.8033549398482556,-0.7907969558208963
0.31200947155124387,1.4274852836845047,0.6578880104331793,337,6.47845574682425,6.392326416777865
1.1553120361066962,1.8373866754875203,2.710745527218326,338,13.916872393706697,13.926185033756976
0.6087614722244398,-0.3359392250401477,-0.2138045580904907,339,0.6553962494979281,0.663008374026627
-2.2912895085981,1.9050602140644701,-0.7978827636184951,340,5.717863477674117,5.610207206594798
0.3043667290302598,0.035576476984624864,0.4277963982471327,341,0.6235160287319579,0.8598824482144146
0.07203357323257792,1.753691026701081,0.4389910293888949,342,10.249317825561723,10.195870820197198
0.41389028537269307,-0.09329864965349177,-0.5267153919462082,343,-0.6434786852676556,-0.4680110051259936
1.6162096816512073,0.1310578260461443,-1.0323970195548475,344,1.9736510748407996,2.240504356818172
-2.063238276804743,0.36547447264283456,2.309844422090078,345,-5.76349029088353,-5.743812707614552
-0.5911034251911056,3.1788536793675353,0.3268434703880229,346,29.165820519356608,29.13835797997121
0.5909063227933546,0.8512855748447891,-0.7322853814020757,347,2.2375682181966345,2.1447985932997455
-1.5815943994539423,-0.7072645299514636,0.9159303022795986,348,-2.047069562943407,-2.047685162255177
1.475949048053509,0.9689978702758579,-0.1091451515613345,349,6.43014690379617,6.346697708726028
0.3683566127006584,-0.3618325370843415,-0.25288144631783127,350,0.4879388592971443,0.4037672770443532
0.846583985843404,-0.48975018290120914,0.5622728719144933,351,2.644015719385476,2.9124196944496332
-0.5709436615217945,0.9086013598921112,-1.29188226823169,352,1.0354440627980703,0.9514914074517331
0.8137636899662105,0.031085587771152785,0.3526272039171724,353,2.302540636330092,2.203595092222119
1.0684715559890383,0.2785759145118061,1.9129548077317522,354,2.8448847997643525,2.842254172261226
0.23287802013716835,0.013985221865292462,0.46617766219731077,355,-0.22559089660840892,-0.25348659084981257
0.23440089269869593,0.3365831266054347,-0.3762121037834645,356,0.6400146353434095,0.6485575578050893
0.2703432392817259,0.4249658974361492,-0.507105280428242,357,2.1262179182350813,2.4186616657506947
-0.8633452647393817,-1.9369669327054153,-0.41033997334510935,358,9.922209035958009,10.031648880995107
-0.14752868024035293,0.6665726686095336,-0.25396267804778105,359,-0.3590620506201323,-0.3546036778376953
-0.1525225324523588,-0.9820194198303006,-0.377806532758272,360,3.243659419038186,3.2931621303283434
0.3833938643534951,-1.4422991355594112,0.9163114410745667,361,5.922857495577026,5.973397181958358
0.9998242469102946,-0.05841124385868244,-1.7332091032089831,362,3.4223971840089504,3.439715683202905
-1.0585360819784093,0.08398100331445427,0.862000050412134,363,-1.0718148973626864,-0.9505082365594081
-0.12500903031957764,-0.6935061645722808,-0.3796865251425611,364,1.4827198161785116,1.5601693836176476
1.4814555476589732,0.8310318576679744,0.37694778569537224,365,5.191985784131393,5.352569554169713
-0.7435882288125641,-1.342175166370907,-1.1269879102008638,366,3.708093818015767,3.814127928453517
-0.8222500172903203,-0.40694374877255896,1.328631066849436,367,-0.4691664391854218,-0.5263286016182679
0.20230619183119358,-0.5848741349330007,1.245634960171873,368,1.060067475341203,1.0472935582925793
0.8443851904853201,-0.04658727033933937,0.9595905257500736,369,1.9308513728835461,2.0822431555741714
0.01142605556065933,0.2788642846472388,-1.5147547757935393,370,1.1280823453962183,1.1415813170521536
1.3289605904369892,-1.0078929496235447,0.8291210710660528,371,5.143659231050936,5.097783022085345
0.8567939825665268,0.7242826774562282,0.4048550876357089,372,2.6711514157318472,2.4771334222954824
0.8418200668900618,0.06300236833469973,-1.6052712471325676,373,0.5011825483030081,0.3498409507300867
0.5541165013240933,-1.8919462533119105,-0.02429738377081549,374,10.78214213278494,10.833632494376696
2.327653100346085,-1.958591440397031,0.3645344890332625,375,14.335152180440216,14.247962686047604
-0.2051616888660442,-0.012319292929311235,0.5560752738231508,376,0.31996070621827577,0.20075051998195237
-2.003522292066514,-0.2209673177863541,0.17726136694885572,377,-2.05165037546117,-2.1323489546780157
1.604254361517141,-0.1034201135746335,0.2912314168473797,378,4.665924826179958,4.602409728072596
-0.45769943095682564,-0.02798245653021798,1.4736113922530956,379,-2.539134296919771,-2.517214601370363
0.10788044434303304,0.22555983951018072,1.2260339099106798,380,1.0932472838418414,1.1401442733349008
1.309550684860527,0.9476496098482997,-2.8670549537827434,381,6.735327068781514,6.777778794037777
-1.6022595410589253,-1.1111049009175582,-0.317438554837682,382,0.042333239672535605,0.19650211577322835
-1.2516472141061394,-1.1719715929007948,-0.16465102754395128,383,1.7187052461370491,1.7806764174709402
-1.6012779371188537,-1.0933238578873825,-1.7520985727269711,384,-1.6243777503651295,-1.5394165938910298
-0.7941362900254239,0.2889166671687069,0.09418305823231217,385,-1.071117890370586,-1.0393424202530552
0.43963660601699356,1.2449473786464456,1.2487577724105066,386,4.465395409395239,4.708335509495981
0.524187842812771,-0.4313394382395105,-1.0865678595905903,387,1.806171836479386,1.7899292708536534
0.27627417932855375,-2.5016998441596545,0.3364009386898723,388,17.76685176727355,17.771696301344242
-1.4127658838923665,-1.7039928626103755,-0.9158234772964378,389,6.428101484174171,6.4468323278945645
-2.310103436632644,-0.8330367227960116,-0.6719120236796768,390,-1.5138436532584412,-1.4675661953837473
0.054353585390382264,-0.5577288874952148,1.477393634170035,391,0.25871184490554666,0.25864885141318816
-0.47177603363833576,-0.4083886272547264,-0.542557820111825,392,-1.5801308360741064,-1.6702629750334625
0.45938577171661177,0.038581122980917065,0.46221248901062467,393,-1.2327859899653517,-1.2360171686902093
0.7019536262212701,-0.3117463308224471,-1.871218116060987,394,1.4290510427111391,1.6883699869580173
0.13824143205868192,1.0493396105434072,1.8623175613948801,395,2.9982297846019272,3.027489818325103
0.7601330853758538,-0.6760173056813688,0.602652446306499,396,1.3402449511457444,1.3118745726354868
0.22921137411506842,-0.862317959475543,-0.18249984265026167,397,3.142218294244501,3.218992849207444
0.5300647056014667,0.4788755385204616,0.5755465099998948,398,1.2981243735180705,1.2578285297069343
-0.7046732628698824,-1.5356420699261193,-1.4098194289478103,399,4.5895072163959325,4.586558519465446
-0.17961141383145854,0.3896917053200022,1.1825307417526572,400,-0.4582163577177299,-0.3591075789094705
0.19677609665695725,0.10255318372626686,-0.3239847754964302,401,1.4964081987207105,1.4999564519339537
0.8205284754174188,-0.1474424899181674,-0.2040695150484347,402,2.3092117580898663,2.3727345605280963
-0.3937411722245721,1.5882761071492624,-0.49165561496548443,403,6.6503545716760115,6.616926581790744
0.5211672557321126,-0.6222074452947179,-0.5806514027455847,404,2.822865844869616,3.0389873828727993
-0.265838791915379,2.0602981705240784,0.6946706116284086,405,11.041896114177096,10.82745436707019
-0.11754216732813036,-0.2254314492280993,0.25590685010422287,406,-0.05025621902598684,-0.098120889535807
0.829519042024073,-1.2770164449702281,0.6517481414030399,407,6.698673416707816,6.794544396234626
-1.993060371054156,0.0699195809948253,-0.008794689485571452,408,-4.441291007187563,-4.403923361831135
-1.296472328074761,-1.0762452003187681,0.513199811077181,409,1.3174248734354517,1.2207496106236244
-1.4821853974428207,-0.7517558478135002,-0.41884874392503835,410,-2.0493936853647092,-2.096260357138078
-2.3336161198483047,0.39703330001549114,2.2297318414095484,411,-3.684505207956918,-3.546037670630216
-0.6782644401551767,0.5555820886501248,-1.5679304164304986,412,0.12134426290744393,0.3116083575348727
0.7494338997277404,-0.6221677002542582,1.2609373235629844,413,-0.25701413952256846,-0.2076357083161319
-0.28488406638257474,0.9874051450464006,1.3679074507209708,414,3.545444332137279,3.53094847447288
0.19779008194185213,1.157507758021134,-0.8521588059655938,415,1.367420228168287,1.2650821330843218
1.0892174967107926,1.436301756563291,2.2292736105559734,416,7.751274175585846,7.669218072579422
1.3276861322676916,0.5294134071257222,0.9954902829453182,417,4.521555965726535,4.4253985113903225
-0.06913793472613955,1.3634287120856987,0.9711390068229115,418,5.121250964114282,5.218397910116967
1.3535858895693973,-1.8807984279740577,0.028022187025876687,419,11.853193976678314,11.852119441973622
0.09212665843410921,-0.31790654862846257,-0.21722615821867644,420,-0.606290023865869,-0.7239427675797877
-0.8373982238274621,-0.8670052563234263,-0.20940882703960811,421,1.6072036421430458,1.4983939624929687
-0.5944003521987352,0.11922586112739209,0.3905305963195172,422,-3.0676608170614044,-3.0549442848390993
-1.4805365125650163,-0.5714492191967373,1.4011862750338961,423,-0.8524192938063331,-0.796353887526664
-0.8881338537336524,-0.16615784194973238,0.1813142178614196,424,-1.7485445211854174,-1.6708917558239205
-0.35801668807442916,1.8821748802040494,-0.9114436231372903,425,8.71931813242209,8.585436558732948
0.8035850193786016,-0.1697197964203783,0.8244270623849798,426,1.110469394345436,1.0607104977583541
1.7207698311659838,0.4137923171902139,0.9211507463947922,427,2.937987566527266,3.1231891231365165
-1.38218151537704,-0.2322693299242352,0.6546595284477861,428,-1.736290705025192,-1.8168825495854035
0.39282746825991893,0.07571328795683367,0.7454989065249826,429,1.5352802522023794,1.4986768877965113
-1.0405439391575344,0.006016680436071459,-0.2709281301578081,430,-3.800140410860706,-3.807260566869305
0.47469708846320197,0.4483240659731595,-0.9289891671305796,431,1.1487854627991876,1.2341385490270473
-0.1310866506877266,1.165307535547177,-0.8681934306407798,432,2.948465993489375,2.9811820343528863
-1.8309058258475304,1.6473939976033294,-1.635463248457858,433,5.773419266782744,5.761448501126533
0.9282969915684843,0.30962008190916684,0.23694861154594976,434,0.7940886503748652,0.9106606047737467
-0.605000712808731,0.5895468860356021,-0.08344878322659362,435,1.4369242715703776,1.4731614826100177
-0.5339002383735546,-1.150864509185567,-0.43998770452970876,436,2.8723721392447605,2.878329211455816
-1.06975241128969,-0.08787674241562057,-2.95561882434507,437,-3.2782722633867234,-3.4267527064475436
-0.6542832766875555,0.940289464883589,-1.247317469694169,438,0.6665920959288097,0.7238518699767578
0.4278904406949172,0.8659686384171532,1.1208406514031668,439,2.303867088787558,2.2294228171891186
-0.18924434093640552,0.21160973279505021,-0.664626000063131,440,-1.5187710468475395,-1.6522370701202957
0.32866200228248105,0.8863939595679524,0.3605916776568414,441,3.1092336189709964,3.0371718438720103
0.3619218539288437,0.49076670899381886,-1.3906854299752562,442,0.21848404513571507,0.4190040237913666
1.320661655528167,1.2003062582593216,1.4387054823592311,443,4.783162443167624,4.745640984734107
-0.3427861508643793,0.2893591569571111,-0.1440276600546764,444,-0.8140626074321415,-0.725492038881803
-1.4768578168457318,-0.35569831557103465,0.2900403964835352,445,-4.377007955009132,-4.264452257849132
1.067222416571983,0.33584125693302364,2.325779791881685,446,1.7206520146515052,1.9727356207963407
-0.3314881720972547,-2.9305943758527757,1.5164401005894037,447,24.19307095454189,24.12982268688431
1.114592444577377,0.38288573638504947,-0.3065656212870578,448,1.7977732785103044,1.9325315000950805
0.3833771131824704,-3.6484128252147836,-0.5932201848703592,449,42.700465757530246,42.65273645886581
-0.13113753020334493,-1.723463407405418,-0.3255450115195318,450,8.705114856759362,8.612945473261119
0.3487758940462951,0.45176860094098414,0.5098982484765356,451,1.555207403476445,1.522754768185779
1.9510125601262995,0.47752933726679525,-0.10522413425087113,452,2.809729627761698,2.810275823698506
2.076980529053753,-1.1624287801399305,-0.39524414500347166,453,7.553719931163406,7.436382420210393
0.0693811351327787,-0.7121020418789388,1.4671812507090423,454,1.8753328543515309,1.881232094584016
0.1601905933170753,1.370540988614132,-0.11420989177783689,455,4.931000078135351,4.9357020425114415
1.0762401574663856,-0.48403013157267616,2.2995890930373193,456,3.763398663261543,3.720906123631321
-0.8456610327673472,2.242920312402985,0.09074256375217302,457,12.198055931933988,12.372430101017018
0.3330703726182551,-0.001919853176346149,1.7853183942247275,458,0.37978566687999077,0.44734581071090296
-0.0258628479538564,0.4080361768812668,0.3573194227106268,459,-0.13829677095163007,-0.1840205801212824
0.3139082114575536,1.6168743984986076,0.9629605732494478,460,8.634985543857725,8.512187391462469
-0.8333688059494058,0.13102711619341956,-0.7246110515177244,461,-2.255723368220346,-2.2237580435626403
-1.589567493308969,-1.0023439806908012,-0.8537592225874118,462,-0.4359482468076318,-0.5111110755191968
-2.0729834359912918,-0.10972745169429012,0.4597059550149875,463,-4.3459766227946,-4.400990979538743
-1.1173841129896078,-0.03561073619009093,0.9885532424653152,464,-2.965351609774516,-3.160470703617473
-0.458675284939333,-1.3647416522015654,0.040256502000462865,465,5.155302630380022,5.1473226076219785
-0.2931915866487618,-0.25583207134082336,-1.2863933350836971,466,-0.15164465228048998,0.02012229964737941
1.9372311624295169,-0.7421920939974367,-1.360258366289327,467,5.438395692782766,5.4325328703142
1.1059933699072981,0.9243577571874341,-1.4271364021862412,468,4.344840196170388,4.543543552429639
-0.9620911163416273,0.03461187418525562,-1.767622112939381,469,-1.1240442566594098,-1.1737514738541657
0.34770845245095694,-0.28279574914757005,0.10948535944708751,470,0.6995029682955386,0.6036626473866261
-0.4070782363503251,-0.10618193062257626,1.1250439217080253,471,-1.0870299533543746,-0.9998508824254861
-0.28436383804009513,0.22312201840616613,-0.013415786924808768,472,-0.31468734089913963,-0.3647518265684821
0.18532564941538202,0.6168141996897798,-2.2604147573378524,473,3.2086172526184455,3.2928816358568014
0.6191711169753933,-0.9997122286693814,-0.19076046033454871,474,2.8962596463828874,2.932091089804456
-0.33925848388401536,-1.0415876326212719,-0.1627989966326071,475,3.3460543145760804,3.36574581075945
1.0638515327343585,1.10467921540253,2.0959987502254394,476,3.895480411057659,3.884638016227943
-1.141938226142404,-0.4123368722047306,-1.4571379129195563,477,-1.556538205517443,-1.5525406271730346
0.006339062362268442,-1.416842092596874,-0.3906776025991957,478,7.610085498396135,7.702725505510358
2.5976737265958323,0.44381270938310463,1.7058526805445642,479,6.274925140688889,6.226322829509122
0.2230797426252751,0.4633698060326869,0.44997834134654807,480,1.2609192952186525,1.296531965018338
1.4332145066061728,-1.5307152572567064,0.5633130735164247,481,9.335247140804665,9.387805873179138
0.09152017817320818,0.2294817154636063,0.11458443702387822,482,0.37207313003132925,0.4145080828328212
0.5807770953297967,0.7355830924283736,0.32994353865726456,483,2.532738832855705,2.4721072990867805
-0.056783194392691534,0.37438645170626306,0.777609530278536,484,-0.47904735105312035,-0.49640854189524897
-0.17040758116420443,0.6319814837613953,-0.8094863188927663,485,0.5675110096484857,0.496937679813154
-0.7794823967254196,-1.404269098090749,0.8780585789081998,486,4.555331466733417,4.541322172046548
0.4303013589575532,0.3310401549961956,-1.3730030168855392,487,0.4221484020441817,0.3483867433393282
-0.8515371891857679,-0.30261975947044656,0.3283679728315381,488,-2.2346200425903673,-2.3332508916565953
0.6655852363134291,-0.4827901587246448,0.17874096328632716,489,0.670186047118787,0.6636666526036488
1.08528700444591,0.8705556094197265,-0.6162930881921079,490,4.83490024225717,4.84451781770454
0.36653140723722993,1.47927451067423,-0.022685275325646737,491,7.843145310232967,7.9594500861281245
-0.28624873355569186,1.794370054600359,-0.6225401526655531,492,9.318454655664619,9.205163498153558
0.4539655793086961,1.314807871505905,-1.0717013268617444,493,7.0592608682677245,7.010908572050163
-0.3086730555464126,-0.10973418163018368,-0.35361474161364437,494,-0.49335370215795926,-0.3676926640475764
0.9355471254651493,0.35272016302634307,-1.1039886353716615,495,2.6363397285120453,2.7036908555744485
-1.8314060842151236,0.7668228717842437,0.3227974640932481,496,-1.5949227927183804,-1.6240165773686033
-0.3356073681186462,0.12117794929946196,-1.1500854941523635,497,-0.7187024694662314,-0.833406429930132
-1.9908119951239978,0.13076418791154437,0.7119770229910514,498,-4.461147999857146,-4.366615653774493
-1.495060830227205,0.823753131876182,-1.18147906792882,499,1.259738622164957,1.2075642111244331
